sku,product_name,category,sub_category,supplier,unit_price,stock_qty,reorder_point,lead_time_days,application,window_type,compliance,region,description
ISC-DES-001,PUREX Molecular Sieve Desiccant 1.5mm,Desiccants,Molecular Sieve,PUREX,18.50,4200,500,14,Insulating Glass Units,All,IGCC/IGMA Certified,National,High-performance desiccant beads for moisture absorption inside IG units. Prevents fogging and condensation between glass panes.
ISC-DES-002,PUREX Desiccant Matrix Strips,Desiccants,Matrix Strip,PUREX,12.75,3100,400,14,Insulating Glass Units,All,IGCC/IGMA Certified,National,Pre-formed desiccant strips for easy insertion into spacer bars. Consistent moisture absorption across the IG unit.
ISC-SEA-001,Momentive SilPruf SCS2000 Silicone Sealant,Sealants & Adhesives,Silicone Sealant,Momentive,8.90,2800,350,10,Structural Glazing & IG Sealing,All,ASTM C920 Class 50,National,One-component neutral-cure silicone for structural glazing and insulating glass secondary seals.
ISC-SEA-002,Momentive IS800 IG Sealant,Sealants & Adhesives,IG Sealant,Momentive,7.40,1900,300,10,IG Unit Secondary Seal,All,ASTM C920,National,Two-part polysulfide sealant for insulating glass secondary seal applications.
ISC-SEA-003,H.B. Fuller Koemmerling IG Butyl Sealant,Sealants & Adhesives,Hot Melt Butyl,H.B. Fuller,11.20,1500,250,12,IG Unit Primary Seal,All,IGCC/IGMA Certified,National,Hot-applied polyisobutylene primary sealant for insulating glass edge seal. Excellent moisture vapor barrier.
ISC-SEA-004,H.B. Fuller Polyurethane Sealant,Sealants & Adhesives,Polyurethane,H.B. Fuller,9.80,2200,300,12,Frame Assembly & Glazing,All,ASTM C920,National,Structural polyurethane sealant for window frame assembly and glazing applications.
ISC-SEA-005,Small Joint Sealant - Clear,Sealants & Adhesives,Small Joint,ISC Warehouse,4.50,5600,600,7,Corner Joints & Frame Seams,All,AAMA 800,National,Low-viscosity sealant for sealing small joints and corner welds in vinyl and aluminum frames.
ISC-GLZ-001,PUREX Glazing Tape 1/8in x 3/8in,Glazing,Glazing Tape,PUREX,3.20,8200,800,7,Glass-to-Frame Seal,All,AAMA 800,National,Closed-cell foam glazing tape for cushioning glass panels within window frames. UV resistant.
ISC-GLZ-002,PUREX Glazing Tape 1/4in x 1/2in,Glazing,Glazing Tape,PUREX,4.10,6500,700,7,Glass-to-Frame Seal,All,AAMA 800,National,Heavy-duty glazing tape for commercial applications. Excellent compression recovery.
ISC-GLS-001,Vitro Solarban 60 Low-E Glass,Glass,Low-E Glass,Vitro (PPG),32.00,800,100,21,Energy Efficient Windows,All,ENERGY STAR Certified,National,High-performance low-emissivity glass. Solar Heat Gain Coefficient (SHGC) of 0.27. U-factor 0.25.
ISC-GLS-002,Vitro Solarban 72 Low-E Glass,Glass,Low-E Glass,Vitro (PPG),38.50,600,80,21,Triple-Pane Energy Windows,All,ENERGY STAR Most Efficient,National,Premium triple-silver low-E glass for maximum energy efficiency. SHGC 0.23. Best-in-class clarity.
ISC-GLS-003,Vitro Starphire Ultra-Clear Glass,Glass,Clear Glass,Vitro (PPG),28.00,500,60,21,Specialty & Decorative,All,ASTM C1036,National,Low-iron ultra-clear glass for applications requiring maximum light transmission and clarity.
ISC-CUT-001,Silberschnitt Cutting Fluid - Standard,Cutting Fluids,Standard,Bohle/Silberschnitt,6.50,3400,400,10,Glass Cutting Lines,All,Industry Standard,National,Professional glass cutting fluid for automated and manual cutting tables. Reduces chipping.
ISC-CUT-002,Silberschnitt Cutting Fluid - Synthetic,Cutting Fluids,Synthetic,Bohle/Silberschnitt,8.20,2100,300,10,High-Speed Cutting Lines,All,Industry Standard,National,Synthetic cutting fluid for high-speed CNC glass cutting. Extended tool life.
ISC-POL-001,PUREX Glass Scratch Removal System,Polishing,Scratch Removal,PUREX,45.00,350,50,14,Glass Repair & Restoration,All,N/A,National,Professional glass polishing kit for removing scratches and surface damage. Includes compounds and pads.
ISC-POL-002,PUREX Glass Cleaning Fluid,Polishing,Cleaning,PUREX,5.80,4800,500,7,Production Line Cleaning,All,N/A,National,Streak-free glass cleaning solution optimized for production environments.
ISC-CLN-001,Aceparen Sealant Removal Coating,Cleaning,Sealant Removal,Aceparen,14.50,1200,150,14,Sealant Cleanup & Rework,All,N/A,National,Apply-and-peel coating that removes cured sealant residue from glass and frames without scraping.
ISC-IG-001,Insulating Glass Clips - Standard,IG Components,IG Clips,ISC Warehouse,0.85,25000,3000,5,IG Unit Assembly,All,IGCC,National,Steel clips for securing glass lites within IG spacer frames during assembly.
ISC-IG-002,Insulating Glass Clips - Heavy Duty,IG Components,IG Clips,ISC Warehouse,1.20,12000,1500,5,Large Format IG Units,Commercial,IGCC,National,Reinforced clips for oversized and heavy commercial IG unit assembly.
ISC-WLD-001,Teflon Welder Fabric - Standard,Welder Fabrics,Standard,ISC Warehouse,22.00,1800,200,10,Vinyl Window Welding,Vinyl,Industry Standard,National,Non-stick PTFE welder fabric for vinyl window frame corner welding machines. Prevents plastic adhesion.
ISC-WLD-002,Teflon Welder Fabric - Premium,Welder Fabrics,Premium,ISC Warehouse,28.00,1100,150,10,High-Volume Vinyl Welding,Vinyl,Industry Standard,National,Extended-life premium PTFE fabric for high-volume production lines. 3x standard lifespan.
AT-HW-001,AmesburyTruth Encore Casement Operator,Hardware,Casement Operator,AmesburyTruth,34.00,1600,200,14,Casement Window Operation,Casement,AAMA/WDMA/CSA,National,Dual-arm sill mount casement operator. Integrated design with matching locks and handles.
AT-HW-002,AmesburyTruth Maxim Casement Lock,Hardware,Casement Lock,AmesburyTruth,12.50,3200,400,14,Casement Window Security,Casement,AAMA/WDMA 250lb Force Entry,National,Low-profile casement lock withstanding 250 lbs forced entry. Multi-point locking option available.
AT-HW-003,AmesburyTruth Maxim HP Hinge,Hardware,Casement Hinge,AmesburyTruth,18.75,2400,300,14,Heavy Casement Sash Support,Casement,AAMA/WDMA,National,High-performance 4-bar hinge for heavy casement sashes. Manages increased load with reduced friction.
AT-HW-004,AmesburyTruth Contour Commercial Lock,Hardware,Commercial Lock,AmesburyTruth,28.00,800,100,18,Commercial Casement Security,Casement,AAMA/WDMA Commercial Grade,National,Multi-point commercial locking system designed for aluminum casement and awning windows.
AT-HW-005,AmesburyTruth P3000 Multi-Point Door Lock,Hardware,Door Lock,AmesburyTruth,65.00,600,80,18,Patio & Entry Door Security,Patio Door,ASTM F476 Grade 40,National,Patented multi-point lock for patio and entry doors. Three locking points for maximum security.
AT-HW-006,AmesburyTruth Sash Balance - Block & Tackle,Hardware,Sash Balance,AmesburyTruth,9.50,5200,600,10,Double Hung Sash Support,Double Hung,AAMA/WDMA,National,Block and tackle balance system for smooth double-hung window operation. Multiple weight ranges.
AT-HW-007,AmesburyTruth Tilt Latch,Hardware,Tilt Latch,AmesburyTruth,3.80,7500,800,10,Double Hung Tilt-In,Double Hung,AAMA/WDMA,National,Tilt latch for double-hung windows. Enables sash tilt-in for easy cleaning.
AT-HW-008,AmesburyTruth SafeGard Window Opening Limiter,Hardware,Safety Device,AmesburyTruth,8.50,2000,250,14,Child Safety - Opening Limit,All,ASTM F2090,National,Limits window opening to less than 4 inches for child safety compliance. Easy to disengage for emergency egress.
AT-WS-001,AmesburyTruth Q-Lon Foam Weatherstrip,Weatherstrip,Q-Lon Foam,AmesburyTruth,2.40,15000,2000,7,Air & Water Seal,Casement/Awning,AAMA 701/702,National,Polyurethane foam weatherstrip for casement and awning windows. Excellent air infiltration resistance.
AT-WS-002,AmesburyTruth Kerf-Back Bulb Seal,Weatherstrip,Bulb Seal,AmesburyTruth,1.90,18000,2500,7,Air & Water Seal,All,AAMA 701/702,National,Flexible EPDM bulb seal with kerf backing. Snap-in installation for quick replacement.
AT-WS-003,AmesburyTruth Compression Weatherstrip,Weatherstrip,Compression,AmesburyTruth,3.10,8500,1000,10,High-Performance Seal,All,ENERGY STAR,National,High-compression weatherstrip for energy-efficient windows. Exceeds ENERGY STAR air leakage requirements.
AT-WS-004,AmesburyTruth Corner Pad,Weatherstrip,Corner Pad,AmesburyTruth,0.60,30000,4000,5,Corner Seal,All,AAMA 701/702,National,Pre-formed corner pads for seamless weatherstrip transitions at window frame corners.
AT-EX-001,AmesburyTruth Glazing Bead Extrusion,Extrusions,Glazing Bead,AmesburyTruth,1.80,12000,1500,14,Glass Retention,All,AAMA/WDMA,National,Snap-in PVC glazing bead for securing glass within vinyl window frames.
AT-EX-002,AmesburyTruth Nailing Fin,Extrusions,Nailing Fin,AmesburyTruth,2.20,9000,1000,14,Window Installation,All,IRC/IBC,National,Vinyl nailing fin for anchoring windows during new construction installation.
AT-EX-003,AmesburyTruth Backer Rod,Extrusions,Backer Rod,AmesburyTruth,1.50,20000,2500,7,Joint Backing for Sealant,All,ASTM C1330,National,Closed-cell polyethylene backer rod for controlling sealant joint depth and profile.
SCR-001,Fiberglass Window Screen Mesh 48in,Screens,Fiberglass Mesh,ISC Warehouse,1.60,9000,1200,5,Insect Screen,All,SMA 1001,National,Standard fiberglass screen cloth. 18x16 mesh count. Flame retardant.
SCR-002,Aluminum Window Screen Mesh 48in,Screens,Aluminum Mesh,ISC Warehouse,2.80,4500,600,7,Insect Screen - Durable,All,SMA 1001,National,Aluminum screen mesh for commercial and high-traffic applications. Superior durability.
EVO-PPE-001,EVO Cooling Towel,PPE & Safety,Heat Protection,EVO/PIP,6.99,3200,400,5,Heat Stress Prevention,Manufacturing,OSHA General Duty Clause,National,Evaporative cooling towel for factory workers. Activate by soaking in water.
EVO-PPE-002,EVO Cut-Resistant Gloves ANSI A4,PPE & Safety,Hand Protection,EVO/PIP,14.50,4800,600,5,Glass Handling & Cutting,Manufacturing,ANSI/ISEA 105 Level A4,National,Cut-resistant gloves rated ANSI A4 for glass handling and cutting operations. Durable polyethylene fiber.
EVO-PPE-003,EVO Safety Glasses - Anti-Fog,PPE & Safety,Eye Protection,EVO/PIP,7.25,5500,700,5,General Manufacturing,Manufacturing,ANSI Z87.1,National,Impact-resistant safety glasses with anti-fog coating. Comfortable for all-day wear.
EVO-PPE-004,EVO Summer Cooling Vest,PPE & Safety,Heat Protection,EVO/PIP,32.00,800,100,7,Heat Stress Prevention,Manufacturing,OSHA General Duty Clause,National,Phase-change cooling vest for workers in hot manufacturing environments. 2-3 hours of cooling per charge.
EVO-PPE-005,EVO Arm Sleeves - Cut-Resistant,PPE & Safety,Arm Protection,EVO/PIP,9.80,2600,300,5,Glass Handling & Transport,Manufacturing,ANSI/ISEA 105 Level A3,National,Cut-resistant arm sleeves for protection during glass handling and fabrication.
EVO-PPE-006,EVO Electrolyte Powder Packets (Box of 50),PPE & Safety,Heat Protection,EVO/PIP,18.00,2200,300,5,Hydration & Heat Safety,Manufacturing,OSHA Heat Illness Guidelines,National,Electrolyte drink mix for workers in hot environments. Mix with water for rapid hydration.
